{
    
    "Exchange": "NYSE",
    "Currency": "USD",
    "Sector": "TECHNOLOGY",
    "Industry": "COMPUTER & OFFICE EQUIPMENT",
    "MarketCapitalization": "171337646000",
    "EBITDA": "13777000000",
    "PERatio": "23.05",
    "PEGRatio": "4.332",
    "BookValue": "24.63",
    "DividendPerShare": "6.63",
    "DividendYield": "0.0354",
    "EPS": "8.14",
    "RevenuePerShareTTM": "67.89",
    "ProfitMargin": "0.121",
    "OperatingMarginTTM": "0.23",
    "ReturnOnAssetsTTM": "0.0447",
    "ReturnOnEquityTTM": "0.337",
    "RevenueTTM": "61860000000",
    "GrossProfitTTM": "32688000000",
    "DilutedEPSTTM": "8.14",
    "QuarterlyEarningsGrowthYOY": "0.197",
    "QuarterlyRevenueGrowthYOY": "0.041",
    "AnalystTargetPrice": "182.16",
    "TrailingPE": "23.05",
    "ForwardPE": "18.66",
    "PriceToSalesRatioTTM": "2.77",
    "PriceToBookRatio": "7.6",
    "EVToRevenue": "3.521",
    "EVToEBITDA": "14.83",
    "Beta": "0.716",
    "52WeekHigh": "195.12",
    "52WeekLow": "116.32",
    "50DayMovingAverage": "170.74",
    "200DayMovingAverage": "147.69",
    "SharesOutstanding": "913119000",
    "DividendDate": "2024-03-09",
    "ExDividendDate": "2024-02-08"
}




