{
  "status": "OK",
  "request_id": "ad4f691a-1a8d-4dbe-98e6-430c83533e81",
  "data": {
    "stock": [
      {
        "symbol": "AAPL:NASDAQ",
        "name": "Apple Inc",
        "type": "stock",
        "price": 182.6901,
        "change": -2.3499,
        "change_percent": -1.2699,
        "previous_close": 185.04,
        "last_update_utc": "2024-02-14 17:16:12",
        "country_code": "US",
        "exchange": "NASDAQ",
        "exchange_open": "2024-02-14 09:30:00",
        "exchange_close": "2024-02-14 16:00:00",
        "timezone": "America/New_York",
        "utc_offset_sec": -18000,
        "currency": "USD",
        "google_mid": "/m/07zmbvf"
      },
      {
        "symbol": "APLE:NYSE",
        "name": "Apple Hospitality REIT Inc",
        "type": "stock",
        "price": 15.68,
        "change": 0.015,
        "change_percent": 0.0958,
        "previous_close": 15.65,
        "last_update_utc": "2024-02-14 17:15:29",
        "country_code": "US",
        "exchange": "NYSE",
        "exchange_open": "2024-02-14 09:30:00",
        "exchange_close": "2024-02-14 16:00:00",
        "timezone": "America/New_York",
        "utc_offset_sec": -18000,
        "currency": "USD",
        "google_mid": "/g/11bwqbl2lq"
      },
      {
        "symbol": "APC:ETR",
        "name": "Apple Inc",
        "type": "stock",
        "price": 171.14,
        "change": -1.84,
        "change_percent": -1.0637,
        "previous_close": 172.98,
        "last_update_utc": "2024-02-14 16:45:30",
        "country_code": "DE",
        "exchange": "ETR",
        "exchange_open": "2024-02-14 09:00:00",
        "exchange_close": "2024-02-14 17:30:00",
        "timezone": "Europe/Berlin",
        "utc_offset_sec": 3600,
        "currency": "EUR",
        "google_mid": "/g/11f102cqtm"
      },
      {
        "symbol": "APRU:OTCMKTS",
        "name": "Apple Rush Ord Shs",
        "type": "stock",
        "price": 0.0031,
        "change": 0.0003,
        "change_percent": 10.7143,
        "previous_close": 0.0028,
        "last_update_utc": "2024-02-14 16:25:50",
        "country_code": "US",
        "exchange": "OTCMKTS",
        "exchange_open": "2024-02-14 09:30:00",
        "exchange_close": "2024-02-14 16:00:00",
        "timezone": "America/New_York",
        "utc_offset_sec": -18000,
        "currency": "USD",
        "google_mid": "/g/1dty4srf"
      },
      {
        "symbol": "AAPL:BMV",
        "name": "Apple Inc",
        "type": "stock",
        "price": 3135,
        "change": -45.9099,
        "change_percent": -1.4433,
        "previous_close": 3180.91,
        "last_update_utc": "2024-02-14 16:51:27",
        "country_code": "MX",
        "exchange": "BMV",
        "exchange_open": "2024-02-14 08:30:00",
        "exchange_close": "2024-02-14 15:00:00",
        "timezone": "America/Mexico_City",
        "utc_offset_sec": -21600,
        "currency": "MXN",
        "google_mid": "/g/11bbrs9b72"
      },
      {
        "symbol": "MSFT:NASDAQ",
        "name": "Microsoft Corp",
        "type": "stock",
        "price": 406.39,
        "change": 0.82,
        "change_percent": 0.2022,
        "previous_close": 405.57,
        "last_update_utc": "2024-02-14 17:16:00",
        "country_code": "US",
        "exchange": "NASDAQ",
        "exchange_open": "2024-02-14 09:30:00",
        "exchange_close": "2024-02-14 16:00:00",
        "timezone": "America/New_York",
        "utc_offset_sec": -18000,
        "currency": "USD",
        "google_mid": "/m/07zln_9"
      }
    ],
    "ETF": [],
    "index": [],
    "mutual_fund": [
      {
        "symbol": "APPLX:MUTF",
        "name": "Appleseed Fund Investor Share",
        "type": "mutual_fund",
        "price": 13.7,
        "change": -0.43,
        "change_percent": -3.0432,
        "previous_close": 13.7,
        "last_update_utc": "2024-02-13 00:00:00",
        "currency": "USD",
        "google_mid": "/g/1ywbqxm3g"
      },
      {
        "symbol": "APPIX:MUTF",
        "name": "Appleseed Fund Institutional Share",
        "type": "mutual_fund",
        "price": 13.78,
        "change": -0.45,
        "change_percent": -3.1623,
        "previous_close": 13.78,
        "last_update_utc": "2024-02-13 00:00:00",
        "currency": "USD",
        "google_mid": "/g/1ywbr0sf1"
      }
    ],
    "currency": [],
    "futures": []
  }
}
